original_question,modified_question,short_answer,model_original_answer,classifier_reasoning,original_f1,original_em,original_AA,model_new_answer,new_em,new_f1,new_AA
"When Mr Benn was looking for an adventure, what type of shop did he visit?","In the children's animated series 'Mr Benn', what type of shop did Mr Benn visit when he was looking for an adventure?",['fancy dress shop'],['A costume shop'],"The query references 'Mr Benn,' a name that does not correspond to a widely recognized historical figure, literary character, or public persona. Without explicit contextual clarification (e.g., a specific book, movie, or cultural reference), the identity of 'Mr Benn' remains ambiguous. Additionally, the scenario of 'looking for an adventure' and visiting a 'shop' introduces speculative elements not grounded in established narratives. The lack of definitional clarity about 'Mr Benn' and the absence of contextual anchors render the query unable to be resolved definitively.",0.4,0,0.75,['A costume shop'],0,0.4,1.0
Which company produced the Hastings and Herald aircraft?,Which British company produced the Handley Page Hastings transport aircraft and the Handley Page Herald regional airliner?,"['handley page aircraft company' 'o 100 and o 400 handley page'
 'handley page slat' 'handley page reading' 'handley page o 100 and o 400'
 'handley page limited' 'handley page ltd' 'handley page']",['Miles Aircraft'],"The query asks for the manufacturer of two aircraft models ('Hastings' and 'Herald'). While the terms 'Hastings' and 'Herald' may reference specific aircraft (e.g., historic British models), the query lacks critical contextual clues such as: 1) Time period of manufacture, 2) Country of origin, 3) Technical specifications, or 4) Clarification that these are distinct models. Without such details, multiple companies could potentially produce aircraft with similar names, leading to ambiguity. Additionally, the term 'Herald' is not definitively linked to a singular aircraft model in public records, further contributing to uncertainty.",0.3333333333,0,0.0,['- Handley Page Limited'],0,0.1714285714,1.0
Which of the Queen's horses won the 2013 Ascot Gold Cup?,"Considering historical records do not substantiate a connection between the Queen's horses and the winner of the 2013 Ascot Gold Cup, what would be the primary characteristic of an attempt to name such a winning horse?","['estimating' 'estimated' 'estimate' 'overestimate' 'calculated guess'
 'estimation']",['Estimate'],"The query hinges on two potentially ambiguous references: 'the Queen's horses' and the 2013 Ascot Gold Cup. First, the Queen is not widely documented as owning racehorses, though she may have been associated with equestrian events. Second, the Ascot Gold Cup is a prestigious flat race where the winner is determined by performance, not ownership ties. While the 2013 winner was Tiz the Law, there is no credible evidence linking him to the Queen's stables. The query assumes a connection between the Queen and the race outcome that is not substantiated by historical records, rendering the question underspecified due to lack of clear, verifiable premises.",1.0,1,0.5,['Speculative or fictional.'],0,0.0,0.25
The expression 'Go West' originally (mid-1800s) encouraged people to move from/within?,The expression 'Go West' originally (mid-1800s) encouraged people to move within which country?,"['u s of america' 'u‚Äìs‚Äì' 'estatos unitos' 'amarica'
 'america united states of' 'v s amerika' 'states of america' 'amurika'
 'unitesd states' 'estados unidos de america' 'america'
 'united states of america oldpage' 'america us' 'nited states'
 'etats unis d amerique' 'united stated' 'verenigde state van amerika'
 'america united states' 'merica' 'amurka' 'amurica' 'v s america' 'us'
 'americophile' '√©tats unis d am√©rique' 'united states america'
 'ÿßŸÑŸàŸÑÿßŸäÿßÿ™ ÿßŸÑŸÖÿ™ÿ≠ÿØÿ© ÿßŸÑÿ£ŸÖÿ±ŸäŸÉŸäÿ©' 'eeuu' 'amercia'
 'united states of america u s' 'unitd states' 'us america'
 'estados unidos' 'etymology of united states' 'america magazine'
 'u s american' 'united states of america usa' 'united states of amerca'
 'united states u s' 'us and' 'etats unis' 'untied states of america'
 'united states introduction' 'america usa' 'u s of' 'iso 3166 1 us'
 'federal united states' 'usofa' 'americia' 'untied states'
 'america class' 'american united states' 'nagkaisang mga estado'
 'estaos unios' 'vs america' 'united states' 'united states country'
 'los estados unidos de america' 'los estados unidos de am√©rica'
 'america country' 'yankee land' 'usoa' 'u s' 'united states us'
 'united states of america redirect' 'vereinigte staaten'
 'estados unidos de am√©rica' 'ee uu' 'unites states'
 'stati uniti d america' 'los estados unidos' 'estaos un√≠os' 'amerka'
 'us country' 'usa' 'unitedstates' 'unite states of america' '√©tats unis'
 'united state of america' 'united staets of america' 'us of'
 'unites states of america' 'united sates' 'u‚Äìs' 'name of united states'
 'u s america' 'us of america' 'u ‚Äìs ‚Äì' 'united states of american'
 'united states of america introduction' 'verenigde state' 'americaland'
 'vs amerika' 'these united states of america' 'unite states'
 'unietd states' 'united states of america' 'united‚Äìstates' 'u ‚Äìs']",['Within'],"The query seeks clarification on the geographical scope of the phrase 'Go West' as a motivational slogan during the mid-1800s. While the temporal reference ('mid-1800s') provides contextual precision, the core ambiguity lies in interpreting 'move from/within.' Historically, 'Go West' was tied to American westward expansion, particularly encouraging migration from the Eastern U.S. (e.g., Appalachians, Midwestern settlements) toward the Western frontier (e.g., Oregon Territory, California). However, the phrasing 'from/within' introduces potential ambiguity: Does it refer to origins (eastern U.S.), destinations (Western territories), or internal movements within a specific region? Without further constraints, the query lacks specificity regarding the exact geographic boundaries or intent behind the phrase's original use.",0.0,0,0.25,['United States'],0,0.0152091255,1.0
Which month of the year came second in the Roman calendar?,"Which month was the second in the ancient Roman calendar, when March was considered the first month of the year?","['„ãÉ' 'april month' 'april' 'aprill' 'cruellest month' '31 april'
 'april 31' 'apr' 'mali traven' '–∞–ø—Ä–µ–ª—å']",['February'],"The query asks for the second month in the 'Roman calendar,' but does not clarify which specific version of the Roman calendar being referenced. The ancient Roman calendar initially began with March as the first month, making February the second. Later reforms, such as the Julian calendar introduced by Julius Caesar, reorganized the calendar to start with January as the first month, making February the second again. Without specifying the calendar system (e.g., pre-Julian vs. post-Julian), the answer hinges on historical interpretation. Additionally, the Roman calendar underwent further modifications in the early Common Era, adding February as a separate month and adjusting orderings. This ambiguity regarding the timeline and exact calendar structure renders the query underspecified.",0.0,0,0.0,['April'],0,0.125,1.0
How many ‚ÄòTriangles‚Äô are there on the logo of car manufacturer BMW?,"How many distinct colored sections, which are sometimes conceptually referred to as 'triangles' due to their radial arrangement, are there in the inner circle of the BMW car manufacturer logo?",['four' '4'],['0'],"The BMW logo features three interlocked circles arranged in a symmetrical triangular pattern. While the circles form a triangular silhouette, they are not actual geometric triangles. The ambiguity lies in interpreting 'triangles' as literal shapes versus conceptual arrangements. Additionally, the logo‚Äôs design does not include any explicit triangular elements beyond the implied symmetry of the circular arrangement. This lack of clarity regarding the definition of 'triangle' in the context of the logo makes the query underspecified.",0.0,0,0.0,['4'],0,0.6666666667,1.0
Who created the ‚ÄòA‚Äô Line in 1955?,Who created the 'A' Line fashion collection in 1955?,['jacques benita' 'dior monsieur' 'christian dior'],['Crist√≥bal Balenciaga'],"The query contains three key components: the subject ('A' Line), the timeframe (1955), and the verb (created). However, the term 'A Line' is ambiguous without contextual clarification. It could refer to various entities such as a subway line (e.g., Washington Metro's 'A' line), a business/product, a technological system, or a fictional concept. Additionally, while 1955 provides a temporal constraint, the lack of specificity regarding the nature of the 'A' Line introduces uncertainty. The query also fails to specify the domain or field of operation (e.g., transportation, technology, art) which further complicates identifying the correct entity. These ambiguities prevent the query from being unambiguously resolved.",0.0,0,0.0,['Christian Dior'],0,0.5,1.0
Chi is the Chinese year of what?,What is the Chinese zodiac animal for the year of the Cock?,['cock' 'cock disambiguation' 'cocks'],"[""Chi is not directly associated with a specific Chinese zodiac year. It refers to 'energy' or 'life force' in Chinese philosophy.""]","The query appears to ask for the Chinese zodiac year associated with the term 'Chi.' However, 'Chi' is not a recognized zodiac sign in the traditional 12-year cycle (Rat, Ox, Tiger, Rabbit, Dragon, Snake, Horse, Goat, Monkey, Rooster, Dog, Pig). While 'Chi' may refer to the Chinese character 'Ê∞£' (qi, vital energy), this is unrelated to the zodiac system. Furthermore, the query lacks specificity regarding the intended year being referenced, as the zodiac cycle repeats every 12 years and requires contextual information (e.g., specific year or era) to identify the correct sign. The ambiguity in terminology ('Chi') and lack of temporal context render the query underspecified.",0.0,0,0.0,['Rooster'],0,0.0,1.0
"Toothpaste, turtle, oxblood, oilie/oily, ade, and swirly are types of what?","Toothpaste, turtle, oxblood, oilie/oily, ade, and swirly are all names for types of what popular collectible?","['goti marbles in hindi' 'aggie marble' 'marble toy' 'cat s eye marble'
 'keepsies' 'marbles game' 'tom bowler' 'marble collecting' 'marbles']",['Nail polish finishes or textures'],"The query asks for a categorization of multiple seemingly disparate terms. 'Turtle' is an animal, 'toothpaste' is a consumer product, 'oxblood' refers to a color, 'ade' is a beverage, 'oilie/oily' describes a property, and 'swirly' denotes a visual characteristic. None of these terms share an obvious, unified category (e.g., colors, animals, products). While individual terms may fit niche definitions (e.g., 'oxblood' as a pigment, 'swirly' as a stylistic feature), their collective classification requires contextual assumptions beyond standard vocabulary. Without further constraints or clues, the query lacks sufficient specificity to identify a definitive shared category.",0.0,0,0.0,['Marbles'],0,0.0952380952,1.0
Give a year in the life of Irish playwright and poet John Millington Synge.,What are the birth and death years of Irish playwright and poet John Millington Synge?,['1871 1909'],['1871'],"The query requests 'a year in the life' of John Millington Synge but does not specify which year or event within his lifespan (e.g., birth, death, notable works). While Synge's biography spans multiple decades, the lack of temporal precision (e.g., '1887', '1909') or contextual clues (e.g., 'birth', 'death', 'publication of *The Playboy of the Western World*') creates ambiguity. The query requires further specification to identify a unique year or event from his life.",0.6666666667,0,0.5,['1871' '1909'],0,0.6666666667,0.5
When was the current theme for the BBC television programme Top Gear first released on an album?,"When was the iconic theme tune 'Jessica' by The Allman Brothers Band, used for the BBC television programme Top Gear, first released on an album?",['one thousand nine hundred and seventy three' '1973'],['1981'],"The query is underspecified due to several ambiguities. First, 'the current theme' is vague‚ÄîTop Gear has had multiple themes since its inception (e.g., the iconic saxophone theme from the 1970s, newer variations). Second, the phrase 'first released on an album' assumes the theme exists as a standalone track on an album, but the show's themes are typically used as jingles rather than full tracks. Additionally, the term 'album' is ambiguous: does it refer to a commercial album, a compilation, or a themed collection? Without clarification on which specific theme or medium is intended, the query cannot be resolved definitively.",0.0,0,0.0,['1973'],0,0.2222222222,1.0
"What word links take, write and stand","Identify the single word that functions as a prefix for 'take', 'write', and 'stand' to create new, valid English words.",['under' 'under disambiguation'],['Up'],"The query seeks a single word that 'links' the verbs 'take', 'write', and 'stand'. To determine if this is fully specified, we must assess whether the query provides sufficient constraints to identify a unique answer. While the target is a word connecting these verbs, the lack of contextual cues (e.g., grammatical role, semantic relation, or structural pattern) allows for multiple interpretations. Possible candidates include abstract concepts ('action'), linguistic elements ('word'), or functional terms ('preposition'). Without explicit clarification on the nature of the connection (synonyms, prefixes/suffixes, parts of speech, etc.), the query remains ambiguous. Thus, the request lacks specificity to ensure a definitive answer.",0.0,0,0.0,['under'],0,0.5,1.0
What US sitcom was the first exported to Britain?,What US sitcom was the first to be broadcast by the BBC in Britain?,"['amos andy' 'brazilian brass mines' 'george 22kingfish 22 stevens'
 'amos and andy' 'amos n andy show' 'amos n andy']",['I Love Lucy'],"The query asks for a specific historical claim about the earliest US sitcom exported to Britain. While the core elements (US sitcom, export to Britain) are clear, critical ambiguity exists around definitions: (1) What constitutes 'export'‚Äîlicensing, transmission, or distribution? (2) Does 'first' refer to the earliest show ever exported, or the first show to reach Britain via a particular medium (e.g., BBC)? (3) Historical records may differ on which show was technically 'exported' first, as early U.S.-produced programs often aired simultaneously globally. These ambiguities prevent a definitive answer without additional constraints.",0.0,0,0.0,['I Love Lucy'],0,0.0,0.0
"""Who wrote the piece of music recognised in much of the Western world as """"The Wedding March"""" (or as """"Here Comes The Bride"""")?""","Who composed the 'Wedding March' that is part of his incidental music for Shakespeare's play *A Midsummer Night's Dream*, a piece widely recognized in the Western world?","['felix mendelssohn' 'mendelsson bartholdy' 'felix mendelson'
 'mendelssohn bartholdy' 'ludwig felix mendelssohn bartholdy' 'mendellson'
 'mendelssohnian' 'mendelsson' 'jacob ludwig felix mendelssohn bartholdy'
 'felix mendelsohn' 'jakob ludwig felix mendelssohn bartholdy'
 'mendelssohn' 'felix mandelssohn bartholdy' 'felix mendelssohn bartoldy'
 'mendelson' 'felix mendelsohn bartoldy' 'felix mendelssohn bartholdy']",['Richard Wagner'],"The query asks about the author of a piece known as 'The Wedding March' or 'Here Comes The Bride.' While these terms are widely recognized, they refer to multiple compositions across different eras and genres. For example: 1) 'The Wedding March' from Wagner's *Lohengrin*, 2) 'Here Comes the Bride' from the 1935 film *The Wizard of Oz* (based on a 1740 French melody), and 3) 'Wedding March' from Mendelssohn's *A Midsummer Night's Dream*. Without specifying the exact work, the query lacks sufficient detail to pinpoint a single correct answer. The term 'recognized in much of the Western world' further complicates matters, as different cultures may associate the name with distinct works.",0.0,0,0.0,['Felix Mendelssohn'],0,0.0930232558,1.0
To which species does the Gnu or Wildebeest belong?,To what type of animal does the Gnu or Wildebeest belong?,"['antelope case' '23 u s 66' 'antelope'
 'antelope vice consuls of spain and portugal']",['Connochaetes'],"The query asks about the species classification of either a ""Gnu"" or a ""Wildebeest."" While both terms refer to antelopine mammals native to Africa, they represent distinct species. A ""Gnu"" typically refers to *Connochaetes taurus* (the Black-Faced Gnu), whereas a ""Wildebeest"" usually denotes *Connochaetes gnu* (the Plains Zebra). The use of 'or' implies ambiguity: the query lacks clarity on whether the user intends to ask about one specific animal or both. Additionally, the term ""species"" may require further specification if the user seeks taxonomic details beyond just the common name. Without explicit clarification, the query remains underspecified.",0.0,0,0.5,['Mammal'],0,0.0,0.0
'Cape Cod Salad' is an exotic summer dish centred,'Cape Cod Salad' is an exotic summer dish centred around what main ingredient?,['lobster'],"['Cape Cod Salad is an exotic summer dish centered around fresh greens, cranberries, apples, walnuts, and often topped with grilled chicken or a light vinaigrette.']","The query mentions 'Cape Cod Salad' as an 'exotic summer dish centred', but the phrase 'centred' lacks contextual specificity. It is unclear what the salad is centered around (e.g., ingredients, regional origins, cultural significance). Additionally, the statement appears incomplete, possibly truncated, leaving critical details absent. While the dish itself is well-known, the query fails to define key aspects such as composition, preparation method, or historical/cultural context required for a precise response.",0.0,0,0.0,['Cranberries'],0,0.0,0.0
What holiday is particularly associated with Morris Dancing?,"Which traditional Christian holiday, historically observed in England, was a particularly significant occasion for Morris Dancing performances?",['whitsuntide' 'whitsun' 'whit sunday' 'whitsunday' 'whit week'],['May Day'],"The query asks for a holiday closely linked to Morris Dancing. While Morris Dancing is traditionally associated with festivals like May Day (a pre-Christian celebration of spring), the term 'holiday' may refer to modern cultural events or religious observances. The query lacks specificity regarding geographic origin, historical context, or temporal constraints, as Morris Dancing is practiced at various festivals across different regions and occasions. Additionally, 'holiday' could ambiguously include both secular and religious events, further broadening possible answers.",0.0,0,0.0,['May Day'],0,0.0,0.0
Poopdeck Pappy is which fictional character‚Äôs father?,"In the 'Popeye' comic strip and animated series, Poopdeck Pappy is the father of which titular character?","['popeye and olive oyl show' 'thimble theatre' 'popeye 2014 film' 'popeye'
 'pop eye' 'thimble theater' 'popeye sailorman' 'popeye sailor'
 'jack mercer sailor' 'popeye sailor man' 'popeye cigarettes'
 'popeye upcoming film' 'popeye 2015 film' 'popeye 2016 film']",['Popeye'],"The query seeks to identify a fictional character whose father is 'Poopdeck Pappy.' While 'Poopdeck Pappy' is a colloquial term originating from Neil Young's song 'Poopdeck Pappy,' which references a sailor's child born aboard a ship, the term is not formally tied to a widely recognized fictional character in mainstream literature or media. The lack of explicit contextual clues (e.g., genre, medium, or cultural reference) leaves room for ambiguity. Additionally, the query assumes familiarity with niche cultural references, making it unclear whether the intended answer aligns with a specific canonical character. This ambiguity renders the query underspecified.",1.0,1,0.5,['Popeye'],0,0.0540540541,1.0
What colour jumper does fictional character Rupert the Bear wear?,What colour coat does Rupert the Bear wear in the original literature and canonical artwork from Beatrix Potter's novels?,"['red colour' 'incarnadined' 'reddened' 'aztec red' '255 0 0' 'color red'
 'incarnadines' 'reddeners' 'reddens' 'raudur' 'firebrick red'
 'incarnadine' 'redest' 'reddener' 'rau√∞ur' 'red political adjective'
 'redly' 'reddishness' 'redness' 'red' 'reddest' 'red color'
 'red movement' 'ff0000' 'redishness' 'rgb 255 0 0' 'reddishly'
 'list of terms associated with color red' 'incarnadining' 'redishly']",['Yellow'],"The query references 'Rupert the Bear,' a well-established character from Beatrix Potter's novels. In the original literature and canonical artwork, Rupert is depicted wearing a red coat, not a 'jumper' (sweater). The use of 'jumper' introduces ambiguity, as it conflicts with the established attire in the source material. Additionally, the query lacks contextual specificity regarding which iteration of the character (e.g., book, film, adaptation) is being referenced, further contributing to uncertainty. Without explicit confirmation of the correct terminology or medium, the query cannot be definitively answered.",0.0,0,0.0,"[""Rupert the Bear is not a character from Beatrix Potter's novels. He wears a yellow coat in his original literature and artwork by Mary Tourtel.""]",0,0.0,0.0
Pancetta is a type of what?,"Pancetta is a type of what, commonly known as Italian bacon?","['hickory bacon' 'side bacon' 'back rashers' 'cottage bacon'
 'streaky rashers' 'bacon rind' 'gammon of bacon' 'rashers' 'bacon'
 'bacon fat' 'bacos' 'streaky rasher' 'streaky bacon' 'fresh bacon' 'bcon'
 'bacon bits' 'green bacon' 'bacon grease' 'bacons' 'barding and larding'
 'bac os' 'back rasher' 'italian bacon' 'slab bacon' 'boczek'
 'barding cooking technique']",['Cured meat'],"The query asks for the broader category or classification of 'pancetta.' While pancetta is commonly known as a cured pork product or Italian bacon, the term 'type of' allows for multiple valid answers depending on contextual specificity (e.g., 'cured meat,' 'sausage,' 'bacon,' or 'pork product'). Without additional constraints or clarification from the user, the question lacks sufficient detail to identify a single definitive answer. The ambiguity arises from the lack of context specifying the hierarchical or categorical framework being referenced.",0.0,0,0.25,['Cured pork belly'],0,0.0,0.25
A Paris grocer was jailed for two years in 1978 stabbing wife what?,A Paris grocer was jailed for two years in 1978 for stabbing his wife with what?,['wedge of hard cheese'],['For stabbing his wife to death.'],"The query contains critical gaps and ambiguities. While it specifies the subject (Paris grocer), timeline (1978), penalty (2-year jail term), and criminal act (stabbing wife), the final 'what?' fragment is syntactically incomplete and semantically unclear. This appears to be a misplaced or corrupted element, possibly due to a typing error or formatting issue. Additionally, no further contextual clues exist to clarify the intent behind the 'what?'‚Äîwhether it refers to the motive, method, aftermath, or another aspect of the incident. Without resolution of this ambiguity, the query lacks sufficient specificity to unambiguously define the event.",0.0,0,0.0,['A baguette'],0,0.0,0.0
Whose 1995 best seller argues that our universe is part of a super universe?,Whose 1995 best seller argues that our universe is part of a multiverse?,"['steven hawkins' 'stephen hawking' 'stephan hawking' 'steven hawkings'
 'steven hawkin' 'stephen william hawking' 'stephen hawkings'
 'stephen hawkins' 'steven hawking' 'stephen w hawking'
 'top down cosmology' 'isobel hawking' 's w hawking' 'steven w hawking'
 'stephen hawking space' 'steve hawking' 'hawking stephen' 'frank hawking'
 'stephen hawkin' 'hawking stephen william' 'steveen hawking']",['Paul Davies'],"The query specifies three critical pieces of information: the year 1995, the term ""best seller,"" and the claim about the universe being part of a super universe. While these constraints narrow the search space, they do not uniquely identify a single book or author. Multiple scientific and philosophical texts from the early 1990s explored related ideas (e.g., multiverses, cosmic inflation, or quantum mechanics), but no widely recognized 1995 bestseller explicitly addresses the ""super universe"" as described. Additionally, the phrase ""super universe"" is vague and could refer to various theoretical frameworks (e.g., string theory, cosmological models) that lacked consensus during that time. Without further clarification on the specific context or terminology used, the query remains ambiguous.",0.0,0,0.0,['Brian Greene'],0,0.0,0.0
'Cape Cod Salad' is an exotic summer dish centred,"What key ingredient is 'Cape Cod Salad', an exotic summer dish, centred around?",['lobster'],"['Cape Cod Salad is centered around fresh ingredients like mixed greens, cranberries, apples, walnuts, and often topped with grilled chicken or cheese.']","The query appears to be incomplete, ending abruptly with 'centred' without specifying what it is centered around. While contextual clues (e.g., 'exotic summer dish') suggest potential topics (ingredients, cultural significance, preparation method), the abrupt termination leaves critical informationÁº∫Â§±. The phrase 'centred' is grammatically incomplete and lacks clarification, creating ambiguity about the core focus of the query.",0.0,0,0.0,['Cranberries'],0,0.0,0.0
"In Japan, what is a hibachi used for?","In Japan, what is the hibachi (heating appliance) used for?","['cooking methods' 'cookery' 'par cooked' 'cooked' 'hot food'
 'cooking appliances' 'cooking ingredient' 'home cooked' 'cuisiner'
 'par cooking' 'home cooking' 'food heating' 'cookin' 'history of cooking'
 'home cook' 'üç≥' 'cooking' 'par cook']",['A hibachi is used as a small heating device or brazier for burning charcoal.'],"The term 'hibachi' refers to at least two distinct concepts in Japan: 1) a typeset of charcoal-grilled skewered meat (yakitori) served in restaurant-style settings, and 2) a small electric or gas-heated kitchen appliance used for warming food or providing heat. While the query specifies 'Japan,' it does not clarify which interpretation of 'hibachi' is being referenced. Without further context, the ambiguity leaves room for multiple plausible answers, making the query underspecified.",0.1428571429,0,0.75,['The hibachi is used for heating and sometimes for cooking.'],0,0.1,0.75
"Are you going to come quietly, or do I have to use earplugs?","Who is known for saying, ""Are you going to come quietly, or do I have to use earplugs?""","['terence alan patrick se√°n milligan'
 'terence alan patrick se√°n milligan kbe' 'spike milligan']","['This is a humorous or rhetorical question, often used in a playful or sarcastic context.']","The query contains metaphorical language and ambiguity. 'Come quietly' implies a potential confrontation or negotiation, while 'use earplugs' introduces a physical element suggesting possible escalation. However, critical contextual clues are missing: the identity of the speaker/listener, the nature of the interaction (e.g., real-world scenario, fictional dialogue), and the underlying issue being addressed. The phrasing also hints at a power dynamic or threat, but without explicit clarification, the request remains vague and open to multiple interpretations.",0.0,0,0.0,['Spike Milligan'],0,0.2666666667,1.0
Macbeth belonged to which royal house or dynasty?,"To which royal house or dynasty did Malcolm III, the historical King of Scotland who defeated Macbeth, belong?","['macmalcolm' 'canmore dynasty' 'canmores' 'dunkeld dynasty'
 'house of canmore' 'house of dunkeld']",['House of Alpin'],"The query asks about Macbeth's royal affiliation. While Macbeth is a historical figure who became King of Scotland, he did not originate from an established royal dynasty. Historically, he was a thane who rose to power through regicide and lacked direct ties to a hereditary royal house. Additionally, the query does not specify whether it refers to the literary character from Shakespeare's 'Macbeth' or the historical figure. For the play, the narrative often associates Macbeth with the House of Banquo (as per the witches' prophecy), but this is fictional. Without clarification on context (historical vs. literary) or explicit reference to a specific dynasty, the query remains ambiguous.",0.6666666667,0,0.0,['House of Dunkeld'],0,0.4,1.0
How many pints are there in a 'Winchester'?,What is the numerical designation of the New Zealand television channel that is available in regions such as Winchester?,"['four' 'four tv channel nz' 'four new zealand'
 'four new zealand tv channel' 'fourtv']",['A Winchester bushel contains 64 pints.'],"'Winchester' is not a standardized unit of measurement for volume. While 'Winchester bushel' may reference a historical dry measure (e.g., 8 imperial gallons), this term is ambiguous without clarification. The query lacks specificity regarding whether 'Winchester' refers to a unit of volume, a container size, or a typographical error (e.g., 'bushel'). Additionally, conversions depend on whether the context uses imperial or US customary units, further complicating the answer.",0.0,0,0.0,['Channel 1'],0,0.125,0.0
The books 'The Edge of Reason' and 'Mad About The Boy' are sequels to which novel?,The books 'Bridget Jones: The Edge of Reason' and 'Bridget Jones: Mad About the Boy' are sequels to which novel?,"['bridget joneses diary' 'bridget jones diary' 'bridget joness diary'
 'diary of bridget jones' 'bridget jones s diary']",['[Error]: Max retries exceeded'],"The query asks for a single novel that both 'The Edge of Reason' and 'Mad About The Boy' are sequels to. However, these two books are authored by different writers (John le Carr√© and Ian McEwan respectively) and are sequels to distinct novels ('The Cider House Rules' and 'Atonement'). Since the query assumes a shared source novel for both works, it contains conflicting premises. The question lacks sufficient context to resolve ambiguity about potential cross-author connections or alternate interpretations of sequential relationships.",0.0,0,0.0,['[Error]: Max retries exceeded'],0,0.0,0.0
Motor Racing. Which team has announced that they are to withdraw from Formula One racing at the end of the year?,Motor Racing. Which team announced its withdrawal from Formula One racing at the end of the 2009 season?,"['bmw z2' 'bavarian motor works' 'bayerische motoren werke'
 'motoren werke ag' 'connecteddrive' 'bmw v series'
 'bayrische motoren werke' 'bmw automobile' 'bmw motorcyc le clubs'
 'bmw model designations' 'bmw group' 'bmw ag' 'bmw motorcycle clubs'
 'bayerische motorenwerke' 'b m w g' 'bmw company' 'bayer motoren werke'
 'bayerische motoren werke gmbh' 'b m w' 'bmw korea'
 'bayerische motoren werke ag' 'bmw']",['Honda'],"The query seeks information about a specific team exiting Formula One by the end of the year. While it provides sufficient context (sport, competition, timeline), it lacks critical specificity: 'the end of which year?' Without a defined timeframe (e.g., 2023, 2024), the query remains ambiguous. Additionally, no prior knowledge of recent announcements is assumed, making the query reliant on external data not included in the prompt. This ambiguity around the temporal scope renders the query underspecified.",0.0,0,0.0,['Toyota'],0,0.0,0.0
